{
    "-1": {
        "precision": 0.9402985074626866,
        "recall": 0.05076551168412571,
        "f1-score": 0.0963302752293578,
        "support": 1241.0
    },
    "0": {
        "precision": 0.6567996567996568,
        "recall": 0.8024109014675053,
        "f1-score": 0.722340174569474,
        "support": 1908.0
    },
    "1": {
        "precision": 0.6253998720409469,
        "recall": 0.8231578947368421,
        "f1-score": 0.7107798582075986,
        "support": 2375.0
    },
    "accuracy": 0.6424692251991311,
    "macro avg": {
        "precision": 0.7408326787677635,
        "recall": 0.558778102629491,
        "f1-score": 0.5098167693354768,
        "support": 5524.0
    },
    "weighted avg": {
        "precision": 0.7069892992455084,
        "recall": 0.6424692251991311,
        "f1-score": 0.5767329992543874,
        "support": 5524.0
    }
}