{
    "0": {
        "precision": 0.23578176209755158,
        "recall": 0.9854955680902499,
        "f1-score": 0.380522713130056,
        "support": 1241.0
    },
    "1": {
        "precision": 0.7214611872146118,
        "recall": 0.08280922431865828,
        "f1-score": 0.14856605547719792,
        "support": 1908.0
    },
    "2": {
        "precision": 0.9830508474576272,
        "recall": 0.048842105263157895,
        "f1-score": 0.09306056959486562,
        "support": 2375.0
    },
    "accuracy": 0.27099927588703837,
    "macro avg": {
        "precision": 0.6467645989232635,
        "recall": 0.372382299224022,
        "f1-score": 0.20738311273403984,
        "support": 5524.0
    },
    "weighted avg": {
        "precision": 0.7248187680449685,
        "recall": 0.27099927588703837,
        "f1-score": 0.1768123775584176,
        "support": 5524.0
    }
}