{
    "-1": {
        "precision": 0.9230769230769231,
        "recall": 0.1063658340048348,
        "f1-score": 0.1907514450867052,
        "support": 1241.0
    },
    "0": {
        "precision": 0.6376128778955634,
        "recall": 0.8511530398322851,
        "f1-score": 0.7290684624017957,
        "support": 1908.0
    },
    "1": {
        "precision": 0.6584333098094566,
        "recall": 0.7856842105263158,
        "f1-score": 0.7164522941063544,
        "support": 2375.0
    },
    "accuracy": 0.6556842867487328,
    "macro avg": {
        "precision": 0.7397077035939811,
        "recall": 0.5810676947878118,
        "f1-score": 0.5454240671982851,
        "support": 5524.0
    },
    "weighted avg": {
        "precision": 0.7106956812745576,
        "recall": 0.6556842867487328,
        "f1-score": 0.602708068087947,
        "support": 5524.0
    }
}