{
    "0": {
        "precision": 0.6935286935286935,
        "recall": 0.45769540692989524,
        "f1-score": 0.5514563106796116,
        "support": 1241.0
    },
    "1": {
        "precision": 0.591869918699187,
        "recall": 0.9538784067085954,
        "f1-score": 0.7304836443909292,
        "support": 1908.0
    },
    "2": {
        "precision": 0.850920245398773,
        "recall": 0.584,
        "f1-score": 0.6926342072409488,
        "support": 2375.0
    },
    "accuracy": 0.6833816075307748,
    "macro avg": {
        "precision": 0.7121062858755511,
        "recall": 0.6651912712128302,
        "f1-score": 0.6581913874371632,
        "support": 5524.0
    },
    "weighted avg": {
        "precision": 0.7260848110733605,
        "recall": 0.6833816075307748,
        "f1-score": 0.6739910060189255,
        "support": 5524.0
    }
}