{
    "-1": {
        "precision": 1.0,
        "recall": 0.032232070910556,
        "f1-score": 0.0624512099921936,
        "support": 1241.0
    },
    "0": {
        "precision": 0.6605101143359718,
        "recall": 0.7872117400419287,
        "f1-score": 0.7183165949306551,
        "support": 1908.0
    },
    "1": {
        "precision": 0.6218068535825545,
        "recall": 0.840421052631579,
        "f1-score": 0.7147717099373322,
        "support": 2375.0
    },
    "accuracy": 0.6404779145546705,
    "macro avg": {
        "precision": 0.7607723226395088,
        "recall": 0.5532882878613545,
        "f1-score": 0.4985131716200603,
        "support": 5524.0
    },
    "weighted avg": {
        "precision": 0.7201384097414194,
        "recall": 0.6404779145546705,
        "f1-score": 0.5694483754216448,
        "support": 5524.0
    }
}