{
    "-1": {
        "precision": 1.0,
        "recall": 0.014504431909750202,
        "f1-score": 0.028594122319301033,
        "support": 1241.0
    },
    "0": {
        "precision": 0.7023622047244095,
        "recall": 0.7012578616352201,
        "f1-score": 0.7018095987411487,
        "support": 1908.0
    },
    "1": {
        "precision": 0.583171341294085,
        "recall": 0.8842105263157894,
        "f1-score": 0.7028112449799196,
        "support": 2375.0
    },
    "accuracy": 0.6256335988414192,
    "macro avg": {
        "precision": 0.7618445153394982,
        "recall": 0.5333242732869199,
        "f1-score": 0.4777383220134565,
        "support": 5524.0
    },
    "weighted avg": {
        "precision": 0.717983168390229,
        "recall": 0.6256335988414192,
        "f1-score": 0.5509983213294123,
        "support": 5524.0
    }
}