{
    "0": {
        "precision": 0.6568848758465011,
        "recall": 0.46897663174858983,
        "f1-score": 0.5472496473906912,
        "support": 1241.0
    },
    "1": {
        "precision": 0.590702210663199,
        "recall": 0.9523060796645703,
        "f1-score": 0.7291332263242376,
        "support": 1908.0
    },
    "2": {
        "precision": 0.8559539052496798,
        "recall": 0.5629473684210526,
        "f1-score": 0.6791973583947168,
        "support": 2375.0
    },
    "accuracy": 0.6763215061549602,
    "macro avg": {
        "precision": 0.70118033058646,
        "recall": 0.6614100266114042,
        "f1-score": 0.6518600773698818,
        "support": 5524.0
    },
    "weighted avg": {
        "precision": 0.7196134094567128,
        "recall": 0.6763215061549602,
        "f1-score": 0.6668024501133138,
        "support": 5524.0
    }
}