{
    "-1": {
        "precision": 0.9375,
        "recall": 0.048348106365834004,
        "f1-score": 0.09195402298850575,
        "support": 1241.0
    },
    "0": {
        "precision": 0.6703736654804271,
        "recall": 0.789832285115304,
        "f1-score": 0.7252165543792107,
        "support": 1908.0
    },
    "1": {
        "precision": 0.6161270236612703,
        "recall": 0.8332631578947368,
        "f1-score": 0.708430284589225,
        "support": 2375.0
    },
    "accuracy": 0.6419261404779145,
    "macro avg": {
        "precision": 0.7413335630472324,
        "recall": 0.5571478497919583,
        "f1-score": 0.5085336206523138,
        "support": 5524.0
    },
    "weighted avg": {
        "precision": 0.7070622981412331,
        "recall": 0.6419261404779145,
        "f1-score": 0.5757331741824184,
        "support": 5524.0
    }
}