{
    "-1": {
        "precision": 0.9444444444444444,
        "recall": 0.0547945205479452,
        "f1-score": 0.10357958872810358,
        "support": 1241.0
    },
    "0": {
        "precision": 0.6810265811182401,
        "recall": 0.7788259958071279,
        "f1-score": 0.7266503667481663,
        "support": 1908.0
    },
    "1": {
        "precision": 0.6168195718654435,
        "recall": 0.8492631578947368,
        "f1-score": 0.7146147032772365,
        "support": 2375.0
    },
    "accuracy": 0.6464518464880521,
    "macro avg": {
        "precision": 0.7474301991427094,
        "recall": 0.5609612247499366,
        "f1-score": 0.5149482195845021,
        "support": 5524.0
    },
    "weighted avg": {
        "precision": 0.712599702300794,
        "recall": 0.6464518464880521,
        "f1-score": 0.5814991110880728,
        "support": 5524.0
    }
}