{
    "0": {
        "precision": 0.647191011235955,
        "recall": 0.46414182111200647,
        "f1-score": 0.5405912717034256,
        "support": 1241.0
    },
    "1": {
        "precision": 0.5888093689004554,
        "recall": 0.9486373165618449,
        "f1-score": 0.7266158169409875,
        "support": 1908.0
    },
    "2": {
        "precision": 0.8628205128205129,
        "recall": 0.5667368421052632,
        "f1-score": 0.6841168996188056,
        "support": 2375.0
    },
    "accuracy": 0.6755973931933381,
    "macro avg": {
        "precision": 0.6996069643189745,
        "recall": 0.6598386599263716,
        "f1-score": 0.6504413294210729,
        "support": 5524.0
    },
    "weighted avg": {
        "precision": 0.7197340765305227,
        "recall": 0.6755973931933381,
        "f1-score": 0.6665522055579325,
        "support": 5524.0
    }
}