{
    "-1": {
        "precision": 1.0,
        "recall": 0.017727639000805803,
        "f1-score": 0.03483768804433888,
        "support": 1241.0
    },
    "0": {
        "precision": 0.6930209858467545,
        "recall": 0.7442348008385744,
        "f1-score": 0.7177154409906494,
        "support": 1908.0
    },
    "1": {
        "precision": 0.5983203011873733,
        "recall": 0.8698947368421053,
        "f1-score": 0.7089910775566232,
        "support": 2375.0
    },
    "accuracy": 0.6350470673425054,
    "macro avg": {
        "precision": 0.763780429011376,
        "recall": 0.5439523922271619,
        "f1-score": 0.4871814021972038,
        "support": 5524.0
    },
    "weighted avg": {
        "precision": 0.72126986899269,
        "recall": 0.6350470673425054,
        "f1-score": 0.5605518539953229,
        "support": 5524.0
    }
}