{
    "-1": {
        "precision": 1.0,
        "recall": 0.0273972602739726,
        "f1-score": 0.05333333333333334,
        "support": 1241.0
    },
    "0": {
        "precision": 0.6861279775805699,
        "recall": 0.769916142557652,
        "f1-score": 0.7256112620400099,
        "support": 1908.0
    },
    "1": {
        "precision": 0.6094356524335622,
        "recall": 0.8593684210526316,
        "f1-score": 0.7131376659678547,
        "support": 2375.0
    },
    "accuracy": 0.6415640839971035,
    "macro avg": {
        "precision": 0.7651878766713773,
        "recall": 0.5522272746280854,
        "f1-score": 0.4973607537803993,
        "support": 5524.0
    },
    "weighted avg": {
        "precision": 0.7236679680943949,
        "recall": 0.6415640839971035,
        "f1-score": 0.5692170368053332,
        "support": 5524.0
    }
}