{
    "-1": {
        "precision": 1.0,
        "recall": 0.019339242546333603,
        "f1-score": 0.037944664031620556,
        "support": 1241.0
    },
    "0": {
        "precision": 0.6693803708729081,
        "recall": 0.7756813417190775,
        "f1-score": 0.7186210245205147,
        "support": 1908.0
    },
    "1": {
        "precision": 0.6102158710854363,
        "recall": 0.8450526315789474,
        "f1-score": 0.7086864406779662,
        "support": 2375.0
    },
    "accuracy": 0.6355901520637219,
    "macro avg": {
        "precision": 0.7598654139861148,
        "recall": 0.5466910719481195,
        "f1-score": 0.48841737641003374,
        "support": 5524.0
    },
    "weighted avg": {
        "precision": 0.7182187620299457,
        "recall": 0.6355901520637219,
        "f1-score": 0.5614316689823593,
        "support": 5524.0
    }
}