{
    "-1": {
        "precision": 1.0,
        "recall": 0.016116035455278,
        "f1-score": 0.0317208564631245,
        "support": 1241.0
    },
    "0": {
        "precision": 0.6884272997032641,
        "recall": 0.7295597484276729,
        "f1-score": 0.7083969465648855,
        "support": 1908.0
    },
    "1": {
        "precision": 0.5947731188971855,
        "recall": 0.872,
        "f1-score": 0.7071879801946389,
        "support": 2375.0
    },
    "accuracy": 0.6305213613323678,
    "macro avg": {
        "precision": 0.7610668062001499,
        "recall": 0.5392252612943169,
        "f1-score": 0.48243526107421636,
        "support": 5524.0
    },
    "weighted avg": {
        "precision": 0.7181581182502975,
        "recall": 0.6305213613323678,
        "f1-score": 0.5558577860026803,
        "support": 5524.0
    }
}