{
    "-1": {
        "precision": 0.8671586715867159,
        "recall": 0.18936341659951653,
        "f1-score": 0.31084656084656087,
        "support": 1241.0
    },
    "0": {
        "precision": 0.6177875780962881,
        "recall": 0.8810272536687631,
        "f1-score": 0.7262907755454742,
        "support": 1908.0
    },
    "1": {
        "precision": 0.6943127962085308,
        "recall": 0.7402105263157894,
        "f1-score": 0.7165274098227022,
        "support": 2375.0
    },
    "accuracy": 0.665097755249819,
    "macro avg": {
        "precision": 0.7264196819638449,
        "recall": 0.6035337321946898,
        "f1-score": 0.5845549154049124,
        "support": 5524.0
    },
    "weighted avg": {
        "precision": 0.7067117127882138,
        "recall": 0.665097755249819,
        "f1-score": 0.6287610391166301,
        "support": 5524.0
    }
}