{
    "-1": {
        "precision": 0.9807692307692307,
        "recall": 0.0410958904109589,
        "f1-score": 0.07888631090487239,
        "support": 1241.0
    },
    "0": {
        "precision": 0.6498729889923793,
        "recall": 0.8045073375262054,
        "f1-score": 0.7189695550351288,
        "support": 1908.0
    },
    "1": {
        "precision": 0.6276527331189711,
        "recall": 0.8218947368421052,
        "f1-score": 0.7117593436645396,
        "support": 2375.0
    },
    "accuracy": 0.6404779145546705,
    "macro avg": {
        "precision": 0.7527649842935271,
        "recall": 0.5558326549264232,
        "f1-score": 0.5032050698681804,
        "support": 5524.0
    },
    "weighted avg": {
        "precision": 0.7146574075922577,
        "recall": 0.6404779145546705,
        "f1-score": 0.5720710108695246,
        "support": 5524.0
    }
}