{
    "0": {
        "precision": 0.6385927505330491,
        "recall": 0.48267526188557613,
        "f1-score": 0.5497934832491969,
        "support": 1241.0
    },
    "1": {
        "precision": 0.6124567474048442,
        "recall": 0.9276729559748428,
        "f1-score": 0.7378074197582326,
        "support": 1908.0
    },
    "2": {
        "precision": 0.8443396226415094,
        "recall": 0.6029473684210527,
        "f1-score": 0.7035126504544338,
        "support": 2375.0
    },
    "accuracy": 0.6880883417813178,
    "macro avg": {
        "precision": 0.6984630401931341,
        "recall": 0.6710985287604906,
        "f1-score": 0.6637045178206211,
        "support": 5524.0
    },
    "weighted avg": {
        "precision": 0.7180245621349641,
        "recall": 0.6880883417813178,
        "f1-score": 0.6808241879870096,
        "support": 5524.0
    }
}